{
	"class_name" : "ViewTrajectory",
	"interval" : 29,
	"is_loop" : false,
	"trajectory" : 
	[
		{
			"boundingbox_max" : [ 1.9989999532699585, 1.879709005355835, 8.9141597747802734 ],
			"boundingbox_min" : [ -1.6294050216674805, -1.6431100368499756, -0.15070199966430664 ],
			"field_of_view" : 60.0,
			"front" : [ 0.7394572151077583, 0.40077452432261668, -0.54090924162844434 ],
			"lookat" : [ -0.33556055437616744, 0.14851241540106599, 5.1681284894227941 ],
			"up" : [ -0.60298271426837846, 0.7515892317929902, -0.26744246660985233 ],
			"zoom" : 0.55999999999999983
		}
	],
	"version_major" : 1,
	"version_minor" : 0
}
