{
	"class_name" : "PinholeCameraParameters",
	"extrinsic" : 
	[
		-0.89593277250741465,
		-0.13727182143260158,
		-0.42244634474422099,
		0.0,
		0.25881654199626275,
		-0.93425427559155505,
		-0.24532212726942434,
		0.0,
		-0.36099648853731814,
		-0.32912823576757255,
		0.87255724149436253,
		0.0,
		1.7167369845843246,
		1.5780399820640074,
		0.99401957105186622,
		1.0
	],
	"intrinsic" : 
	{
		"height" : 1000,
		"intrinsic_matrix" : 
		[
			866.02540378443871,
			0.0,
			0.0,
			0.0,
			866.02540378443871,
			0.0,
			499.5,
			499.5,
			1.0
		],
		"width" : 1000
	},
	"version_major" : 1,
	"version_minor" : 0
}