{
	"class_name" : "PinholeCameraParameters",
	"extrinsic" : 
	[
		-0.70741288674498537,
		0.49531117939969849,
		-0.50421606799943053,
		0.0,
		-0.38816316425307773,
		-0.8684237927646854,
		-0.30849550090274747,
		0.0,
		-0.59067450053660253,
		-0.022515588419548843,
		0.8065957368434058,
		0.0,
		2.7648231330278517,
		0.10985904025925151,
		6.3298855868205646,
		1.0
	],
	"intrinsic" : 
	{
		"height" : 1000,
		"intrinsic_matrix" : 
		[
			866.02540378443871,
			0.0,
			0.0,
			0.0,
			866.02540378443871,
			0.0,
			499.5,
			499.5,
			1.0
		],
		"width" : 1000
	},
	"version_major" : 1,
	"version_minor" : 0
}