{
	"class_name" : "PinholeCameraParameters",
	"extrinsic" : 
	[
		0.33143908551397511,
		0.015654460393313158,
		0.94334673925521906,
		0.0,
		-0.031652838072994315,
		-0.99911498619140005,
		0.02770094239702911,
		0.0,
		0.94294550767029206,
		-0.039040776600279263,
		-0.33065024924663577,
		0.0,
		-4.189236159003233,
		0.2863679815887869,
		12.261775464666005,
		1.0
	],
	"intrinsic" : 
	{
		"height" : 1000,
		"intrinsic_matrix" : 
		[
			866.02540378443871,
			0.0,
			0.0,
			0.0,
			866.02540378443871,
			0.0,
			499.5,
			499.5,
			1.0
		],
		"width" : 1000
	},
	"version_major" : 1,
	"version_minor" : 0
}