{
	"class_name" : "PinholeCameraParameters",
	"extrinsic" : 
	[
		0.26404218778752014,
		-0.39981202269771488,
		-0.87774259870120352,
		0.0,
		0.22224895065605732,
		-0.86032891186859972,
		0.45873692606468097,
		0.0,
		-0.93855587313737565,
		-0.31620327308450352,
		-0.1383053256023988,
		0.0,
		4.0374111185071291,
		1.5611777311681003,
		11.704513516448582,
		1.0
	],
	"intrinsic" : 
	{
		"height" : 1000,
		"intrinsic_matrix" : 
		[
			866.02540378443871,
			0.0,
			0.0,
			0.0,
			866.02540378443871,
			0.0,
			499.5,
			499.5,
			1.0
		],
		"width" : 1000
	},
	"version_major" : 1,
	"version_minor" : 0
}