{
	"class_name" : "PinholeCameraParameters",
	"extrinsic" : 
	[
		0.64771194644502406,
		-0.056789450749838995,
		0.75976588019990077,
		0.0,
		-0.15206813632562469,
		-0.98678898333388765,
		0.055881877968833392,
		0.0,
		0.74655509933751674,
		-0.15173154139599312,
		-0.64779087906418276,
		0.0,
		-3.3729079890945206,
		0.79207765246620931,
		13.681991211135012,
		1.0
	],
	"intrinsic" : 
	{
		"height" : 1000,
		"intrinsic_matrix" : 
		[
			866.02540378443871,
			0.0,
			0.0,
			0.0,
			866.02540378443871,
			0.0,
			499.5,
			499.5,
			1.0
		],
		"width" : 1000
	},
	"version_major" : 1,
	"version_minor" : 0
}